api	method	path	tag	operation_id	deprecated	pagination	sorting	action	fingerprint
cloud	GET	/actions	Actions	get_actions	no	no	no	action-list	4dea538a17f87a4a5f83d482ef5c79157b967ba8387ac680935312edd8ddc49f
cloud	GET	/actions/{id}	Actions	get_action	no	no	no	action-get	e5a08fea8e129e5a4ae4ef7cc68c1ec7d86abd88523511fbf244a1d7e9c1c43b
cloud	GET	/certificates	Certificates	list_certificates	no	yes	yes	none	549b6f3543ed7962dcaf43b6c2b3fa9182cca50b09fde588f6624f3112854aef
cloud	POST	/certificates	Certificates	create_certificate	no	no	no	none	2d9ea1c411129acd56077276b3917fe88c12aa254db8a9a27ec2f52cad375fc5
cloud	GET	/certificates/actions	Certificate Actions	list_certificates_actions	no	yes	yes	action-list	415677da406950398215465280c630535de54d3001171bce156fc9ab2911727e
cloud	GET	/certificates/actions/{id}	Certificate Actions	get_certificates_action	no	no	no	action-get	17a14d1423b7580dc7c10aace639fbec4a116d14b786fe462941a5b4f74b7c2a
cloud	DELETE	/certificates/{id}	Certificates	delete_certificate	no	no	no	none	de6b71eacfc2f89adc5f742f7287b5c2dd6d3a6b675de43c056e29b426436520
cloud	GET	/certificates/{id}	Certificates	get_certificate	no	no	no	none	856002a25ad34f1edb3716aab960690e63bcf3d5932812b7a3c926165a885c07
cloud	PUT	/certificates/{id}	Certificates	update_certificate	no	no	no	none	7e4ff5ca893ee025eadbbc35b2069b10db4ba6a26eaee3a2b204ea6d262bbf15
cloud	GET	/certificates/{id}/actions	Certificate Actions	list_certificate_actions	no	yes	yes	action-list	5d08b81b9711c8a7fe42aed1f57f792d556b9a0b9fb4f618da11bfde9b7c0c02
cloud	POST	/certificates/{id}/actions/retry	Certificate Actions	retry_certificate	no	no	no	starts-action	9bbce46786b7e0ca4340b45633d85c1d41add2cd69183d05126b4928b4917418
cloud	GET	/certificates/{id}/actions/{action_id}	Certificate Actions	get_certificate_action	yes	no	no	resource-action-get	a0de492428e2896ec957aa56e4455853fe766e10156c3076dc751d0b4254c9e9
cloud	GET	/datacenters	Data Centers	list_datacenters	yes	yes	yes	none	cf827046ac7bfa352580b0799d2192f1d48af47e4f32cc7114c4dcb95ee21f14
cloud	GET	/datacenters/{id}	Data Centers	get_datacenter	yes	no	no	none	4b721cec1648520e9f434c221d6d409e01e7ff4a40f4e4c05c9896f0b021df9e
cloud	GET	/firewalls	Firewalls	list_firewalls	no	yes	yes	none	41f5c6b094adccbababd33c1c7f1de801ca874be90dc7ab694d981bbd5020036
cloud	POST	/firewalls	Firewalls	create_firewall	no	no	no	none	bc525dfc487d4c74c84e85d8b7a9fe671a95d9328a2e51f8792dbe2e11f8597a
cloud	GET	/firewalls/actions	Firewall Actions	list_firewalls_actions	no	yes	yes	action-list	779fb2a4ab4473cf0d037e0ec1844460792f81ebcdcb9937050e05b495648d33
cloud	GET	/firewalls/actions/{id}	Firewall Actions	get_firewalls_action	no	no	no	action-get	68e9001887bc198512c6afd5bdaa09b8bc40558dd7bb21e73db3cf7da09a6ab1
cloud	DELETE	/firewalls/{id}	Firewalls	delete_firewall	no	no	no	none	9820979607628fac0e19aceb6bbffad29a2914eb14e7b39fba3bd3b89e7fa6dd
cloud	GET	/firewalls/{id}	Firewalls	get_firewall	no	no	no	none	6370312bb88b529624d4bc4647e3544b1a2482115d5da91ee0918c991e5032e5
cloud	PUT	/firewalls/{id}	Firewalls	update_firewall	no	no	no	none	8471abe8c5ce224a08b5ce0eab5c6c1547990c05486703696e70df53ea4c12b2
cloud	GET	/firewalls/{id}/actions	Firewall Actions	list_firewall_actions	no	yes	yes	action-list	8a3a9655f9f98b12fa3b5bd6db03c52f5409e26cbead5154510ca07cea3ef1c1
cloud	POST	/firewalls/{id}/actions/apply_to_resources	Firewall Actions	apply_firewall_to_resources	no	no	no	starts-action	769fde5f6d51760d346ce156fa3512e72146e2cdda77fead528965a70a46c346
cloud	POST	/firewalls/{id}/actions/remove_from_resources	Firewall Actions	remove_firewall_from_resources	no	no	no	starts-action	042962b31ec2db6b803eff49a7155442bab2564d5c0edcc233b080d41787db8b
cloud	POST	/firewalls/{id}/actions/set_rules	Firewall Actions	set_firewall_rules	no	no	no	starts-action	423e33553141ac2d1b8979b83097e972c8e9742c2f077d02215d6bf297e31163
cloud	GET	/firewalls/{id}/actions/{action_id}	Firewall Actions	get_firewall_action	yes	no	no	resource-action-get	e18d399a2eae63f475080ec4d42d39a80ccc99806208bc0c4e4a4debf8ddbcfb
cloud	GET	/floating_ips	Floating IPs	list_floating_ips	no	yes	yes	none	69f20940517588e76cecd0ec35124def143dbeae636763a096a44b2dc79baa6c
cloud	POST	/floating_ips	Floating IPs	create_floating_ip	no	no	no	none	f50d15fa59595087fad917cc1d6c53c452172f038d4b5b281f06ac9b0de8e569
cloud	GET	/floating_ips/actions	Floating IP Actions	list_floating_ips_actions	no	yes	yes	action-list	4899f04ea4aa4ca4e97e47a17d66fe084251f947b611f5b2b324be1a6d8de3a1
cloud	GET	/floating_ips/actions/{id}	Floating IP Actions	get_floating_ips_action	no	no	no	action-get	011aef08c3b90b34a64d141ab2279ab7f41a74a133f068471eceda24055a6105
cloud	DELETE	/floating_ips/{id}	Floating IPs	delete_floating_ip	no	no	no	none	cb1d5aa373561358ec94e972321493477cf4d05fd97fd815dc83f3aab0666b12
cloud	GET	/floating_ips/{id}	Floating IPs	get_floating_ip	no	no	no	none	94174260e7c7082d3e716b0a03d46ee5125ac68aa44c590532089d28a1806c9d
cloud	PUT	/floating_ips/{id}	Floating IPs	update_floating_ip	no	no	no	none	14d9cf043abfb602ba85e0e48c5c558eacf75610e2d9af6c73c6f18e46fea2ce
cloud	GET	/floating_ips/{id}/actions	Floating IP Actions	list_floating_ip_actions	no	yes	yes	action-list	369e2e0ff92ae5cd1ce3565e7df40568793d3851d268dad298fc738d2f6b5ad8
cloud	POST	/floating_ips/{id}/actions/assign	Floating IP Actions	assign_floating_ip	no	no	no	starts-action	be8dfa4d58b70f86c425e95b4e621b0448a3026cc5aa4e5b83869ac8085759b8
cloud	POST	/floating_ips/{id}/actions/change_dns_ptr	Floating IP Actions	change_floating_ip_dns_ptr	no	no	no	starts-action	f82e960a8b70b57395d9e863088aed20ecac9ce609e3b98bb47b0459e61136d7
cloud	POST	/floating_ips/{id}/actions/change_protection	Floating IP Actions	change_floating_ip_protection	no	no	no	starts-action	37ee8827f16b66d71f320cab705b61920f96df74ffa3f581ed48c7e72854f7a9
cloud	POST	/floating_ips/{id}/actions/unassign	Floating IP Actions	unassign_floating_ip	no	no	no	starts-action	ea0dfdcbc042bad815c9a68de90c0bb2669c57acf8a3d8e5b46f93e932f48467
cloud	GET	/floating_ips/{id}/actions/{action_id}	Floating IP Actions	get_floating_ip_action	yes	no	no	resource-action-get	cec8668bfa71865b1084543f970c61df3d8d4b8b253fcbd9d5f312c73cdafe37
cloud	GET	/images	Images	list_images	no	yes	yes	none	3e951a06b291a1e947c2ecc106ecee179fd2086bc15c99fcbf2c1c584b589dd0
cloud	GET	/images/actions	Image Actions	list_images_actions	no	yes	yes	action-list	0cdf35e9c9c7376585162ca2baba0700892cf20f08d73b88fdfa1bcf7be959fd
cloud	GET	/images/actions/{id}	Image Actions	get_images_action	no	no	no	action-get	1c64d44db8b7af3c0148991c2ad9502918ab457b40ccb8099e624ec04b8a23de
cloud	DELETE	/images/{id}	Images	delete_image	no	no	no	none	25e2e7777f0ae97300b0ba7b1e526aca7864f55354c016cd82a77652993adeb3
cloud	GET	/images/{id}	Images	get_image	no	no	no	none	0b79a7a8a00647a0677a3be8ed8f0224137fdad3b434d4f273ced991dbe02e08
cloud	PUT	/images/{id}	Images	update_image	no	no	no	none	6f2934db63c9ef9f3c5c2fd7ceec47175ddc199f8b1ff0104884c477cbf3b108
cloud	GET	/images/{id}/actions	Image Actions	list_image_actions	no	yes	yes	action-list	f9cd87a42680a230d7701454c47c7776c7d363a95bf43519495e748645d06c24
cloud	POST	/images/{id}/actions/change_protection	Image Actions	change_image_protection	no	no	no	starts-action	90b921f50b3131498b25df236f056c3be453aca1d32ae3fcdd141781543dbf7a
cloud	GET	/images/{id}/actions/{action_id}	Image Actions	get_image_action	yes	no	no	resource-action-get	33c05a14fb8a7406c5dc67732180c094eab91cdc0d7ef3da5d2c05ba681b857e
cloud	GET	/isos	ISOs	list_isos	no	yes	no	none	32ec28b721bd92776ac1b48ad19469d88d627e7c70f3ec3007bc60feb813102d
cloud	GET	/isos/{id}	ISOs	get_iso	no	no	no	none	535c356fb0d75cf581ca8d4327fc9ec57a82f3bf56fcc83fcce1300470be1176
cloud	GET	/load_balancer_types	Load Balancer Types	list_load_balancer_types	no	yes	no	none	7341506649c0cc9af4511d3897c13d91840f4aa5b229dade9dac38b7db117ec4
cloud	GET	/load_balancer_types/{id}	Load Balancer Types	get_load_balancer_type	no	no	no	none	9652744402d4501ca5ffc82e3c5abe6a0ee5b279c1b11d54092f117f36d2c0fd
cloud	GET	/load_balancers	Load Balancers	list_load_balancers	no	yes	yes	none	6bb6e5816547dd1751cff95b6b6f21deb5cfbe9370c60a2316a7dd8d8b574f91
cloud	POST	/load_balancers	Load Balancers	create_load_balancer	no	no	no	none	216731f2cc6939d8a5d82470d03ed4bad707f588b838169b8f92e891e5359071
cloud	GET	/load_balancers/actions	Load Balancer Actions	list_load_balancers_actions	no	yes	yes	action-list	e3626c7da31ecc5dd95f6e564b19749d88ce01fa75fe0539c8d7d630981680cc
cloud	GET	/load_balancers/actions/{id}	Load Balancer Actions	get_load_balancers_action	no	no	no	action-get	a27b9d76e778698e3c45a845b68e8227a7f3b4d5d7e93524f1a96f906768390c
cloud	DELETE	/load_balancers/{id}	Load Balancers	delete_load_balancer	no	no	no	none	bc5cba934d0f4443f5ffd98b914f0994bd422f9e671dfce1e67e25a28b3920ac
cloud	GET	/load_balancers/{id}	Load Balancers	get_load_balancer	no	no	no	none	a4c1435a14c463c7fb67672a0e293de83fb6b25d8f511467d8d9759131d9c319
cloud	PUT	/load_balancers/{id}	Load Balancers	update_load_balancer	no	no	no	none	83f2bb18068a5b25c6b18fbfeb0b17560c7dafb108ebf5c972b5c27c47d97369
cloud	GET	/load_balancers/{id}/actions	Load Balancer Actions	list_load_balancer_actions	no	yes	yes	action-list	0d4eebee8fa015b93d71c64736d56c630451a8b9fb39a5d2336749ddabc686f5
cloud	POST	/load_balancers/{id}/actions/add_service	Load Balancer Actions	add_load_balancer_service	no	no	no	starts-action	81969139f2ea1b15c5ab41dc06db0e2ffb40525901ec8f6d14a29ccad24aacc1
cloud	POST	/load_balancers/{id}/actions/add_target	Load Balancer Actions	add_load_balancer_target	no	no	no	starts-action	4c3077465bccfb264ca6fe3c0ce6d06a1f3af30ca371904bd48009c350004b6c
cloud	POST	/load_balancers/{id}/actions/attach_to_network	Load Balancer Actions	attach_load_balancer_to_network	no	no	no	starts-action	8a9790dc56afb62a88aaeb1fdd94bdb6d387e2257651e8f463db04d4a03cb034
cloud	POST	/load_balancers/{id}/actions/change_algorithm	Load Balancer Actions	change_load_balancer_algorithm	no	no	no	starts-action	2a9c7658a4e1c4ca97cfb3eb238ae6d01a97e447f03daa9a2671687647c0a70d
cloud	POST	/load_balancers/{id}/actions/change_dns_ptr	Load Balancer Actions	change_load_balancer_dns_ptr	no	no	no	starts-action	ac39bd7ee4a0b6a4a5a440c4c117b427ed864bd31b6505dfa5dbaa106b46b3df
cloud	POST	/load_balancers/{id}/actions/change_protection	Load Balancer Actions	change_load_balancer_protection	no	no	no	starts-action	e2067e19e18226f3879fbe581898a38cf0c4f27b6baf90c2f15ee86d54ad5461
cloud	POST	/load_balancers/{id}/actions/change_type	Load Balancer Actions	change_load_balancer_type	no	no	no	starts-action	6bb9ded32efe2911f5ecc00b4ff54e3f76e4524b3bb6d7d63178af2912b5b0f5
cloud	POST	/load_balancers/{id}/actions/delete_service	Load Balancer Actions	delete_load_balancer_service	no	no	no	starts-action	6b9969983ef09c6875b9fe5815023b463f594e42b6f0e28bcb0b1761ade7545d
cloud	POST	/load_balancers/{id}/actions/detach_from_network	Load Balancer Actions	detach_load_balancer_from_network	no	no	no	starts-action	d24ad77c0a2ff07ab59426cdf3d8c6df38b22515c4ffd0342ec367144b0e7c45
cloud	POST	/load_balancers/{id}/actions/disable_public_interface	Load Balancer Actions	disable_load_balancer_public_interface	no	no	no	starts-action	03e5c4bf9c71038ace8a89e15445ed8f3542d77509dde7cb90f853f59c0d2e74
cloud	POST	/load_balancers/{id}/actions/enable_public_interface	Load Balancer Actions	enable_load_balancer_public_interface	no	no	no	starts-action	f7fa06861be51f0921526121d5c151cb974c458859efa746f537daff0e716669
cloud	POST	/load_balancers/{id}/actions/remove_target	Load Balancer Actions	remove_load_balancer_target	no	no	no	starts-action	b37ec680ad065d6623ea58e1b33a2736572197ee5d9ee287d948861b1f0305fb
cloud	POST	/load_balancers/{id}/actions/update_service	Load Balancer Actions	update_load_balancer_service	no	no	no	starts-action	b5bf5ae13abcabf689f976412393edac0754fc752546a86f0d9b83d74349b7d9
cloud	GET	/load_balancers/{id}/actions/{action_id}	Load Balancer Actions	get_load_balancer_action	yes	no	no	resource-action-get	a898cc8b5f72d9a90287004ab7298a8a510959b841bf1af8fafe68434aadd5a2
cloud	GET	/load_balancers/{id}/metrics	Load Balancers	get_load_balancer_metrics	no	no	no	none	90e5ced945ec1b97df139ccbb7906cfe350da5a677e4df8ad1bbda5eab6be3a4
cloud	GET	/locations	Locations	list_locations	no	yes	yes	none	153c3132ab7aada728a6b285fd34eb33b355a95fea2d3cd2f810a315b4519f81
cloud	GET	/locations/{id}	Locations	get_location	no	no	no	none	145e54600a1bbc4aeda53747c1814e3032314844570fca177cee6fc9aa75cb64
cloud	GET	/networks	Networks	list_networks	no	yes	yes	none	90b73664c367c128a65d8bf9157a59e766e1aa836b8b89c8c9d04ff11376259d
cloud	POST	/networks	Networks	create_network	no	no	no	none	a749533bc42cf178cf34f4a6dd623ec3b774bb482f28eb60c07ca06ce12ea39e
cloud	GET	/networks/actions	Network Actions	list_networks_actions	no	yes	yes	action-list	a3a1d0805defba214c5683c761278471d561af4eacd73e56143d4839e043862b
cloud	GET	/networks/actions/{id}	Network Actions	get_networks_action	no	no	no	action-get	a27c8db4e6cfc36eb95748bc3009ac80abd4324c0bda93dde520a5b9bce8a8fb
cloud	DELETE	/networks/{id}	Networks	delete_network	no	no	no	none	2ee9fbd3d026987e15dc291e010a31cf9325f083d7b5f0e36bed7beb5d26bd96
cloud	GET	/networks/{id}	Networks	get_network	no	no	no	none	f9d07bab932ed18f00455b8e27cca924e6c7cc2fff0d03dffb74d34f5fc5faf5
cloud	PUT	/networks/{id}	Networks	update_network	no	no	no	none	fbff9c6a5ade3c20f1df7e45fd6f7aba740345e52fbc4cefabeaee221696d0dc
cloud	GET	/networks/{id}/actions	Network Actions	list_network_actions	no	yes	yes	action-list	544ba4053d519c0c7c55d27cb9323f5d255ba638b31e396048af1c8346f6997c
cloud	POST	/networks/{id}/actions/add_route	Network Actions	add_network_route	no	no	no	starts-action	50fb72f0f5c7aa2b27e92ced06be127e8ca013b06287be4d6b4b37db8084bcbb
cloud	POST	/networks/{id}/actions/add_subnet	Network Actions	add_network_subnet	no	no	no	starts-action	b8ddd138046d22d925a1b488373b8324f0e814eca00b72ba8255c48047eeecbb
cloud	POST	/networks/{id}/actions/change_ip_range	Network Actions	change_network_ip_range	no	no	no	starts-action	299924563304b1255116338bba46ee14f0f267f242055223f2deec2297a4b24c
cloud	POST	/networks/{id}/actions/change_protection	Network Actions	change_network_protection	no	no	no	starts-action	62f7ffc2116eddcc4afd6d4e247bfb85d59ac397f84858fde334bb564ee824c8
cloud	POST	/networks/{id}/actions/delete_route	Network Actions	delete_network_route	no	no	no	starts-action	0f16c615907d77ff45a2844c98194cf98f87af1293601ff5a9b8ecba52a5ea9e
cloud	POST	/networks/{id}/actions/delete_subnet	Network Actions	delete_network_subnet	no	no	no	starts-action	64b2a49aa37e7d5531c1a926dd7cf3a56f91db02fc6bcdb72c6bea4dc85d9655
cloud	GET	/networks/{id}/actions/{action_id}	Network Actions	get_network_action	yes	no	no	resource-action-get	0e94ea4a1ccd8a2d0ea913d9e193651e7dbf9e2a806f08a964a40056e3e7ff31
cloud	GET	/placement_groups	Placement Groups	list_placement_groups	no	yes	yes	none	1e47605a9e4be97c2733606bb4d0eac9cd54db4d886dbebf263d059bd5f0dd0b
cloud	POST	/placement_groups	Placement Groups	create_placement_group	no	no	no	none	42a8a1964ea6c09a60324b793958774dbad8edbdd041be11562a8d438f140e65
cloud	DELETE	/placement_groups/{id}	Placement Groups	delete_placement_group	no	no	no	none	0ce7449cd474e470da170cd878a7e5a0189eb4990989568ce2a9c9367d1b540a
cloud	GET	/placement_groups/{id}	Placement Groups	get_placement_group	no	no	no	none	471c725cf4badc0f97427dd4935048552b6ce2fbdf118a30168675a06ee2a66d
cloud	PUT	/placement_groups/{id}	Placement Groups	update_placement_group	no	no	no	none	230228a82d682ec952499bdf158e0251c3c60bd8dc985038132c75d3d784cb44
cloud	GET	/pricing	Pricing	get_pricing	no	no	no	none	34b707833028b852ff5b6b12368e21a1c49eb6d04e0c44d395cd436fe4b8f5f2
cloud	GET	/primary_ips	Primary IPs	list_primary_ips	no	yes	yes	none	8e89cefd48ce4513b52a4e8456bde3c6f828e9e71d93e438e1b1005e6347675c
cloud	POST	/primary_ips	Primary IPs	create_primary_ip	no	no	no	none	421d74e0fa59052bdef71603f89b972d445effd0b31e6710de4886c5b0bfb1cd
cloud	GET	/primary_ips/actions	Primary IP Actions	list_primary_ips_actions	no	yes	yes	action-list	ab38ceb032421c940701475d94b83c81912c77034dfbdfa31f28306158a28607
cloud	GET	/primary_ips/actions/{id}	Primary IP Actions	get_primary_ips_action	no	no	no	action-get	4f6650f762fd1527f965c53ffba55d4413a8bfbf0bf1de90f542106a3ca5f11d
cloud	DELETE	/primary_ips/{id}	Primary IPs	delete_primary_ip	no	no	no	none	48867d1e4815882d7137fe886c6aaeb181a07a07084922dce57e7b249dd5507c
cloud	GET	/primary_ips/{id}	Primary IPs	get_primary_ip	no	no	no	none	d44e15b9939a4f9207e6c9752973617e18f92eced1780b241e19baadd63ef6c1
cloud	PUT	/primary_ips/{id}	Primary IPs	update_primary_ip	no	no	no	none	dc5744c2c6f0fefced31407fe232151b6d558b27fab2d37467cf906b0d937289
cloud	GET	/primary_ips/{id}/actions	Primary IP Actions	list_primary_ip_actions	no	yes	yes	action-list	9e04db97569bc13ec4106877ec9fe1fd8808cdb48d3cedac6fbff798f441d2a9
cloud	POST	/primary_ips/{id}/actions/assign	Primary IP Actions	assign_primary_ip	no	no	no	starts-action	46990f9942ca838fa0006e839af52e3d75590b552162e4803f15df232f184fb0
cloud	POST	/primary_ips/{id}/actions/change_dns_ptr	Primary IP Actions	change_primary_ip_dns_ptr	no	no	no	starts-action	f0e20e8e5aaa63b951542bb29e692353ead579211e631dc0be587455da23ab1c
cloud	POST	/primary_ips/{id}/actions/change_protection	Primary IP Actions	change_primary_ip_protection	no	no	no	starts-action	2d501df3cd48d7a77c5d54942ca131e0a30249f44326340f0c8c30c89a48d216
cloud	POST	/primary_ips/{id}/actions/unassign	Primary IP Actions	unassign_primary_ip	no	no	no	starts-action	804c7f1cab0f7b6bc522b9b71d977547baa3f88c07bcf85e58bc2ef3db82d1c3
cloud	GET	/primary_ips/{id}/actions/{action_id}	Primary IP Actions	get_primary_ip_action	yes	no	no	resource-action-get	865c3c2c1e6c0d6b0adcb64b0208b9afd76368454b22dfe3ccd457af77a4d0a9
cloud	GET	/server_types	Server Types	list_server_types	no	yes	no	none	9bee9582bcb7853fc873a8cc3c5abd943bcb9566e83faabaed39a22cc8e0562c
cloud	GET	/server_types/{id}	Server Types	get_server_type	no	no	no	none	c3c92bd8f40f9b9ad308797b6d6aff164c2cb02ab5e4a09bf21e7cae434810ec
cloud	GET	/servers	Servers	list_servers	no	yes	yes	none	19f9756e845428b75053faba112693d02a6f55a788317c2653a0fc721dc94315
cloud	POST	/servers	Servers	create_server	no	no	no	none	fd737468cca8308c77d1dd2fe789346181aa6f85ac096b34792b63f325e24e0c
cloud	GET	/servers/actions	Server Actions	list_servers_actions	no	yes	yes	action-list	dd560fcc6efeac2667d495812a5299381b9ddef530e13bb9923e9d6d45ac0c49
cloud	GET	/servers/actions/{id}	Server Actions	get_servers_action	no	no	no	action-get	cbbf906f1dfb9bcde52ac7b1612becfefd0bc63823dd17d9736cc2c6fd527177
cloud	DELETE	/servers/{id}	Servers	delete_server	no	no	no	none	e67b1d6a658fd9996cdf7b8592f9b3a3852d08b940582a8382f9f69a9cff1075
cloud	GET	/servers/{id}	Servers	get_server	no	no	no	none	643c0f119a46bc027bd3858857b71a29662ec08be2b5863bfd357027b13d9729
cloud	PUT	/servers/{id}	Servers	update_server	no	no	no	none	34c053a28039f2bb73bcdf15f23084b8d3127cb8f11156de3553a42b1cb9912c
cloud	GET	/servers/{id}/actions	Server Actions	list_server_actions	no	yes	yes	action-list	4f9cb05844a2233ab832498b65f3d5f6d12651cee7eb7ccf8fc6c0781f76317d
cloud	POST	/servers/{id}/actions/add_to_placement_group	Server Actions	add_server_to_placement_group	no	no	no	starts-action	d0d9d86e9e04b4e80e96d19968270c06f678830cf55e729ec0b2884509b81440
cloud	POST	/servers/{id}/actions/attach_iso	Server Actions	attach_server_iso	no	no	no	starts-action	ce0d3cfa87fdd0c0bc2613819f0fa54d18ce7ca3b91c48b324923c3beb38833f
cloud	POST	/servers/{id}/actions/attach_to_network	Server Actions	attach_server_to_network	no	no	no	starts-action	dad74b31775827b774bbdc00add76210d0860e8629c418be7e069cfa1d3e0e50
cloud	POST	/servers/{id}/actions/change_alias_ips	Server Actions	change_server_alias_ips	no	no	no	starts-action	7f3503de526698c8a5158a025bf22549b7230541e97a430a73cf65bf9ecaf53f
cloud	POST	/servers/{id}/actions/change_dns_ptr	Server Actions	change_server_dns_ptr	no	no	no	starts-action	aecd85736d066acbd69dc3e9a35f0ba9dada72d9e82acf354bc3d138e8bc2ad5
cloud	POST	/servers/{id}/actions/change_protection	Server Actions	change_server_protection	no	no	no	starts-action	79cde9e0b144f56c520f7f4977c49c79608c8a75cb894fc4f90aa73ac1b4fff4
cloud	POST	/servers/{id}/actions/change_type	Server Actions	change_server_type	no	no	no	starts-action	b3132574502c127385c743230e9bd07eedd11abfe9c5abeba1a98811cf01b9b9
cloud	POST	/servers/{id}/actions/create_image	Server Actions	create_server_image	no	no	no	starts-action	5d9636053c9913ba3d6db800b535f47b211136ec3714a1b760f3b29ff800929d
cloud	POST	/servers/{id}/actions/detach_from_network	Server Actions	detach_server_from_network	no	no	no	starts-action	f671d4adfc789add462ac4fa68cd66f0f07f220754c6153415f74fc47d8f99bd
cloud	POST	/servers/{id}/actions/detach_iso	Server Actions	detach_server_iso	no	no	no	starts-action	0c626e52531f026304016fd9b31dc188cbe1a5e01050481d426b79ef548701e1
cloud	POST	/servers/{id}/actions/disable_backup	Server Actions	disable_server_backup	no	no	no	starts-action	719da24f53e342eae0ad4cfa3e95b9ab0d15ddd89b3874b7bf5809b0deb777a6
cloud	POST	/servers/{id}/actions/disable_rescue	Server Actions	disable_server_rescue	no	no	no	starts-action	fe6b0ba1d47a9340e49a5549b2b69be04f42c36af2366fde82c0f8a98df5c26c
cloud	POST	/servers/{id}/actions/enable_backup	Server Actions	enable_server_backup	no	no	no	starts-action	ed2c356aa7a944aea5b7ddfc40499675b7750eebf0535cb82510215d27080f65
cloud	POST	/servers/{id}/actions/enable_rescue	Server Actions	enable_server_rescue	no	no	no	starts-action	302738f20c63a74ac68587bc464f5a28106468a4a916f9977a52ba49957a1cd8
cloud	POST	/servers/{id}/actions/poweroff	Server Actions	poweroff_server	no	no	no	starts-action	61c6252e6ac25b6523550a9cdcbbc8c0fc2ae39c7a08ccbccf8ac554b5c26c07
cloud	POST	/servers/{id}/actions/poweron	Server Actions	poweron_server	no	no	no	starts-action	217f91861444e3955f91efbaa551b7dee1ab844dc599f23ea50797ca6690cf55
cloud	POST	/servers/{id}/actions/reboot	Server Actions	reboot_server	no	no	no	starts-action	75a86c5e97be8d024c3ed177e718306e9948c11677146477d869431d5a4c0700
cloud	POST	/servers/{id}/actions/rebuild	Server Actions	rebuild_server	no	no	no	starts-action	1b549e8ecde4ed1583e1f0b13f6a7d4f3f15c11e76ee0145552bbb1f16503361
cloud	POST	/servers/{id}/actions/remove_from_placement_group	Server Actions	remove_server_from_placement_group	no	no	no	starts-action	4d0483ce5bb402f80bc27ea2075f39626aac06dec6dd5f50a0d3326bf83476ca
cloud	POST	/servers/{id}/actions/request_console	Server Actions	request_server_console	no	no	no	starts-action	4477c3bc8af047df56beec7d157735e7d3e9ec31d360c174f4632ee453a7366a
cloud	POST	/servers/{id}/actions/reset	Server Actions	reset_server	no	no	no	starts-action	1c2bd98a1fbc39521143d94f72c57b82710e3e7b80210fa7a0a87e45d32461db
cloud	POST	/servers/{id}/actions/reset_password	Server Actions	reset_server_password	no	no	no	starts-action	9047ab960a6b373d534592aacbf79f68860dfddd644797937e097240424bc24a
cloud	POST	/servers/{id}/actions/shutdown	Server Actions	shutdown_server	no	no	no	starts-action	d9537e150b0180244d3a2ac1eeb74b1813b35ec050e94c3a62c6a71c5bdfd727
cloud	GET	/servers/{id}/actions/{action_id}	Server Actions	get_server_action	yes	no	no	resource-action-get	dbf9a9c7ff7705dba9c2c4f7ba3a70e9824da3bde91deb6a65615f20f34c714c
cloud	GET	/servers/{id}/metrics	Servers	get_server_metrics	no	no	no	none	d1a0c7d2c62baf3383e9e46878eb7dbe41e5885ecafd88ed9c883e853b4b1e2c
cloud	GET	/ssh_keys	SSH Keys	list_ssh_keys	no	yes	yes	none	27e72c5bef9a621420ed26c843e6251d7d07a9b707ce192aa5370d4a4777e229
cloud	POST	/ssh_keys	SSH Keys	create_ssh_key	no	no	no	none	781f19bbbb874c2d35b9d95746a1293055069e0bce98fdcc71121c89a40cf233
cloud	DELETE	/ssh_keys/{id}	SSH Keys	delete_ssh_key	no	no	no	none	20b066a8d0792581a79e7e3acd5fbb0216285e5e4d6018299a5cb4bdd9fbfb42
cloud	GET	/ssh_keys/{id}	SSH Keys	get_ssh_key	no	no	no	none	6ccc0cdc7f5e99cb89fd6913a3a13c5e2a3213decd01587eb7c7ea326e6732fc
cloud	PUT	/ssh_keys/{id}	SSH Keys	update_ssh_key	no	no	no	none	761175d62ddb51c90a78d19daa45b9e0ac3f535cca532802114d79fc196603d7
cloud	GET	/volumes	Volumes	list_volumes	no	yes	yes	none	fd912ad6239e4c87ae9da333787336525e0e12fa0f3e763a702e4382b6b6b0d9
cloud	POST	/volumes	Volumes	create_volume	no	no	no	none	1dd4eebf2fe0f60bf2a7228c69d30fb2e7b2e3f51cfa42b07478d43ecf98a97e
cloud	GET	/volumes/actions	Volume Actions	list_volumes_actions	no	yes	yes	action-list	91df9a40a38c6c3943ebb5fcdf200a828893d1dc4200bd5dc0c80155bcebd086
cloud	GET	/volumes/actions/{id}	Volume Actions	get_volumes_action	no	no	no	action-get	7fe8cdf2505603be7f8003e6dc50db33cb6a0958f497754160b4ff5d7059d9ff
cloud	DELETE	/volumes/{id}	Volumes	delete_volume	no	no	no	none	3d3c0d16e2bb1156c960ec4652707c9e762da172a4203c98da8bda8c627015a9
cloud	GET	/volumes/{id}	Volumes	get_volume	no	no	no	none	4dad4c86633a588cc0af0ce01e257181c793d4492c24df546c24c766f06d5ecf
cloud	PUT	/volumes/{id}	Volumes	update_volume	no	no	no	none	ebdb7052c78cca07d89060dfb3c92721670be722e08f65fb63237b201a1a9d7e
cloud	GET	/volumes/{id}/actions	Volume Actions	list_volume_actions	no	yes	yes	action-list	98a229e7206a126691a3be5d6e6292290f5254f785edf17e1ba5bcb1d2eb491e
cloud	POST	/volumes/{id}/actions/attach	Volume Actions	attach_volume	no	no	no	starts-action	cd023e8433ecf02936abb34d2571d8da0664ba23cb3f701ebef5c8c5ff99aeeb
cloud	POST	/volumes/{id}/actions/change_protection	Volume Actions	change_volume_protection	no	no	no	starts-action	9da1f0282932e73a739701c465a38011f0e026ff79f9b81e580d41a7629f61c9
cloud	POST	/volumes/{id}/actions/detach	Volume Actions	detach_volume	no	no	no	starts-action	bbfd19481b57d0b1bac6b42b35829f7da9dab9444f13ebe1a236c167ccd08a46
cloud	POST	/volumes/{id}/actions/resize	Volume Actions	resize_volume	no	no	no	starts-action	6f834650476eb18be2b189c80af9548ec9a523ff37a51351560c21fec7971ac4
cloud	GET	/volumes/{id}/actions/{action_id}	Volume Actions	get_volume_action	yes	no	no	resource-action-get	79bd0d96e0771b85d00d4ea51de3502f90e6506810840e2ea5c43e7978ca6588
cloud	GET	/zones	Zones	list_zones	no	yes	yes	none	99140446583b45dfe4a589d464e40fef871e6c21872cfabf57755e3b8c9a4d63
cloud	POST	/zones	Zones	create_zone	no	no	no	none	cf1f9caec3066e20b62bd2e56b22b03622822c1ec2753b0b372a62eb3a2f582a
cloud	GET	/zones/actions	Zone Actions	list_zones_actions	no	yes	yes	action-list	f4c4ffdcbd4855858fffb394c8ce274aed4c6d3f7d3d99d7c184f050c1c68329
cloud	GET	/zones/actions/{id}	Zone Actions	get_zones_action	no	no	no	action-get	1d0496bceb1b15b22135d223881747c508cd2722e461e2b1ee6b691ad15db561
cloud	DELETE	/zones/{id_or_name}	Zones	delete_zone	no	no	no	none	f7efcc0cae42aa2507ab6a450f9b0f097811457b48f789d45f7674ff1b212609
cloud	GET	/zones/{id_or_name}	Zones	get_zone	no	no	no	none	b3f076c6714c3b0a520d8d4b77854ce58215f048ee75c973c0559c099877eed7
cloud	PUT	/zones/{id_or_name}	Zones	update_zone	no	no	no	none	2673d58bc8d19a3c00cfcd3c59b73ed6a5e1b2383fa06e257587c5b0bc80372f
cloud	GET	/zones/{id_or_name}/actions	Zone Actions	list_zone_actions	no	yes	yes	action-list	8bdfd057aa7f2fd651907f2403d02ae097dcea8b920f2a8f7572677bf64bd9f0
cloud	POST	/zones/{id_or_name}/actions/change_primary_nameservers	Zone Actions	change_zone_primary_nameservers	no	no	no	starts-action	67977efa9b8fe78b0159634c56a004e39f6d2eded8d25a84e7236e2afc2df9fa
cloud	POST	/zones/{id_or_name}/actions/change_protection	Zone Actions	change_zone_protection	no	no	no	starts-action	d2688b1d3c7e951fedfa4fdc0e625bd1d9e161ef3f224151099d7ec9abf7f52d
cloud	POST	/zones/{id_or_name}/actions/change_ttl	Zone Actions	change_zone_ttl	no	no	no	starts-action	c832e69034208597bf769b0de773ed087135af0e48bff9e0d012f069b8dc2e67
cloud	POST	/zones/{id_or_name}/actions/import_zonefile	Zone Actions	import_zone_zonefile	no	no	no	starts-action	3750805a26291ac387d3924b3ed2400ffc398a675a8159cfb5e5a831ff3b7e5f
cloud	GET	/zones/{id_or_name}/actions/{action_id}	Zone Actions	get_zone_action	yes	no	no	resource-action-get	c1d94033f63e3a290c8e5a82782dba8366a361a56e673225fb2da5714836820d
cloud	GET	/zones/{id_or_name}/rrsets	Zone RRSets	list_zone_rrsets	no	yes	yes	none	919d531eb997283484d0e946c3581fe8a726d18e1eec5bfc932854531d88a4cd
cloud	POST	/zones/{id_or_name}/rrsets	Zone RRSets	create_zone_rrset	no	no	no	none	651a79d788b04511108cf58c9567ff28c9015d5bca1dcf96e5913e2368138ec2
cloud	DELETE	/zones/{id_or_name}/rrsets/{rr_name}/{rr_type}	Zone RRSets	delete_zone_rrset	no	no	no	none	d1baa7d3224407c224d7e6a55486f7e5564ffad1b881454d0daf8e603db65bac
cloud	GET	/zones/{id_or_name}/rrsets/{rr_name}/{rr_type}	Zone RRSets	get_zone_rrset	no	no	no	none	8f121550c1f246d27bea2a91b34a0151eecac2ac8b07c683bcdd26f00feb8167
cloud	PUT	/zones/{id_or_name}/rrsets/{rr_name}/{rr_type}	Zone RRSets	update_zone_rrset	no	no	no	none	fb488b421bc4ff8056956724560a0cc92f6a2386992646eaa28c6b69898dbd17
cloud	POST	/zones/{id_or_name}/rrsets/{rr_name}/{rr_type}/actions/add_records	Zone RRSet Actions	add_zone_rrset_records	no	no	no	starts-action	623c13a862fd132df433709e8e3226f3d461adcf36a2bfdf3b36823f4383f5ce
cloud	POST	/zones/{id_or_name}/rrsets/{rr_name}/{rr_type}/actions/change_protection	Zone RRSet Actions	change_zone_rrset_protection	no	no	no	starts-action	8c80cfd7a97abf0541b6b639d241ab363da190fec6e58e3b31d33e0ee0827a3d
cloud	POST	/zones/{id_or_name}/rrsets/{rr_name}/{rr_type}/actions/change_ttl	Zone RRSet Actions	change_zone_rrset_ttl	no	no	no	starts-action	5f285d7127943ff4e6d700facccbdb0e4efcd5bed199260203ba8e5950dcd49e
cloud	POST	/zones/{id_or_name}/rrsets/{rr_name}/{rr_type}/actions/remove_records	Zone RRSet Actions	remove_zone_rrset_records	no	no	no	starts-action	3211090d7cbde862ccf8c6e7b21b73bdc5f5d8d2ed3d01675aa9e68104991e97
cloud	POST	/zones/{id_or_name}/rrsets/{rr_name}/{rr_type}/actions/set_records	Zone RRSet Actions	set_zone_rrset_records	no	no	no	starts-action	1b1ee39db87121c8c68b56c0bc879bbe4d944f27f2d0109db1dea72c2f42bf3f
cloud	POST	/zones/{id_or_name}/rrsets/{rr_name}/{rr_type}/actions/update_records	Zone RRSet Actions	update_zone_rrset_records	no	no	no	starts-action	ad427c8674441cb3339b340e28d6eeb2b938f0cca6c2830591925ceb0f23c286
cloud	GET	/zones/{id_or_name}/zonefile	Zones	get_zone_zonefile	no	no	no	none	17a9740cd959c01f10f1a22ca8ebe268b6654eebcc423009468f62324266bebd
hetzner	GET	/storage_box_types	Storage Box Types	list_storage_box_types	no	yes	no	none	04ab653699958e7a16d2287c5e1ebc1104a50527aab10ad5574905c8cc3abf50
hetzner	GET	/storage_box_types/{id}	Storage Box Types	get_storage_box_type	no	no	no	none	1e66d8526a2e99d3b09dd9f788470120ed6c374b872147d279c8d15106a75547
hetzner	GET	/storage_boxes	Storage Boxes	list_storage_boxes	no	yes	yes	none	2073ad8d0bd9d14f388d1f2a21f43eaeef12d4e7a7f8ad92273794ecd8ca9735
hetzner	POST	/storage_boxes	Storage Boxes	create_storage_box	no	no	no	none	8aa7bbbdc884dcd88c54b866da21844b3329853f14bc94e1e37ab62d956e8790
hetzner	GET	/storage_boxes/actions	Storage Box Actions	list_storage_boxes_actions	no	yes	yes	action-list	bfdd175c83fc5c3b461964b265c9d2972f201a51d20896e0ea1ec96d9bf21d7c
hetzner	GET	/storage_boxes/actions/{id}	Storage Box Actions	get_storage_boxes_action	no	no	no	action-get	9cbd2b11d5aad7ffcf4903fa588d2212b1eecd2e3a00d046bde4a1871cb27eed
hetzner	DELETE	/storage_boxes/{id}	Storage Boxes	delete_storage_box	no	no	no	none	7e8a7afebd12971fe59f00b24f5646c7287ea14efbc68ad3ef0c36a457a48dc2
hetzner	GET	/storage_boxes/{id}	Storage Boxes	get_storage_box	no	no	no	none	ea850199c0a9141b44a1db64757e1c883ad44d3138f11d1bf1bc5524f323a2cb
hetzner	PUT	/storage_boxes/{id}	Storage Boxes	update_storage_box	no	no	no	none	ce51a498dcab1ca332ffab254aa022e8868247c94ed60a25ae0a7f7b612df8e9
hetzner	GET	/storage_boxes/{id}/actions	Storage Box Actions	list_storage_box_actions	no	yes	yes	action-list	b26a3c25c64b525e5f354c77c7b87788bf6a2036fb1fd7bb51451f7251c44ab7
hetzner	POST	/storage_boxes/{id}/actions/change_protection	Storage Box Actions	change_storage_box_protection	no	no	no	starts-action	d97c2cdf67a8447b19d9bec756bf8caa6eb557b88042a5d84717eb42fc224647
hetzner	POST	/storage_boxes/{id}/actions/change_type	Storage Box Actions	change_storage_box_type	no	no	no	starts-action	1f90484a2e937d5f904f2f0d4f714ee61a598d635a53d0ed74e1bff774ebba87
hetzner	POST	/storage_boxes/{id}/actions/disable_snapshot_plan	Storage Box Actions	disable_storage_box_snapshot_plan	no	no	no	starts-action	26a9311d4188d10302568c3ca815b145ae9d493e6772f769bed1c8ef0e8e5c86
hetzner	POST	/storage_boxes/{id}/actions/enable_snapshot_plan	Storage Box Actions	enable_storage_box_snapshot_plan	no	no	no	starts-action	bddd1db323392a8a353aa95be7173d053485a0a098fce1e56a66b369584fee7e
hetzner	POST	/storage_boxes/{id}/actions/reset_password	Storage Box Actions	reset_storage_box_password	no	no	no	starts-action	2aa4d3403ad674aa9fe8b12607fa016a4498c42fb075f6dce8427434c63ce3d2
hetzner	POST	/storage_boxes/{id}/actions/rollback_snapshot	Storage Box Actions	rollback_storage_box_snapshot	no	no	no	starts-action	cb800cfe9f60ef4d4e18d9afa64bdb128d1a52d357e4e6683b93bdd19f6d4cc6
hetzner	POST	/storage_boxes/{id}/actions/update_access_settings	Storage Box Actions	update_storage_box_access_settings	no	no	no	starts-action	59f4fdc24ce88ff91930335854d5f9e224902cd57b59593dc4ae60bbe325959b
hetzner	GET	/storage_boxes/{id}/actions/{action_id}	Storage Box Actions	get_storage_box_action	yes	no	no	resource-action-get	22ff43f9e37af78eb5a5c0d257e253810fd70f3762efb9d6d65c6d34dfbfc81f
hetzner	GET	/storage_boxes/{id}/folders	Storage Boxes	list_storage_box_folders	no	no	no	none	10c3a92844ee9ea5a3d8a7da9937a9633da6d983526d3eea9046bcf80779e37a
hetzner	GET	/storage_boxes/{id}/snapshots	Storage Box Snapshots	list_storage_box_snapshots	no	no	yes	none	aea2b4b691a04e33d285cdd0b845dbc0c6bb7d0fd914e8360b41aa4d1b914083
hetzner	POST	/storage_boxes/{id}/snapshots	Storage Box Snapshots	create_storage_box_snapshot	no	no	no	none	7fcee5688a9d2cee501db98db26eeaf0ca5d8b2097ad6c51e2808bece0425581
hetzner	DELETE	/storage_boxes/{id}/snapshots/{snapshot_id}	Storage Box Snapshots	delete_storage_box_snapshot	no	no	no	none	cd0ee5b16aa0750edeb0bf43bae08966b5f17566de0edddbd08215913889cbaf
hetzner	GET	/storage_boxes/{id}/snapshots/{snapshot_id}	Storage Box Snapshots	get_storage_box_snapshot	no	no	no	none	d912aae57ae9c0747d1e8e1558622273f36f6896e41d255336bbf87768210977
hetzner	PUT	/storage_boxes/{id}/snapshots/{snapshot_id}	Storage Box Snapshots	update_storage_box_snapshot	no	no	no	none	4a4b7e47bfadb463c5a9dd80b5dedfca41246bc737a886afef4b62874bbe84cd
hetzner	GET	/storage_boxes/{id}/subaccounts	Storage Box Subaccounts	list_storage_box_subaccounts	no	no	yes	none	90beddd50e744e2cf3e4654f2ae26074d9126c5090d7ba42138b67c0a813b0e7
hetzner	POST	/storage_boxes/{id}/subaccounts	Storage Box Subaccounts	create_storage_box_subaccount	no	no	no	none	1cc9c9e4d599378abe66b60171a217920d3714fcef382ea884939c431e4ddbb9
hetzner	DELETE	/storage_boxes/{id}/subaccounts/{subaccount_id}	Storage Box Subaccounts	delete_storage_box_subaccount	no	no	no	none	f41cacccc351aeced72647e52eca20a75fdc87f51196d73ca827fea098d78230
hetzner	GET	/storage_boxes/{id}/subaccounts/{subaccount_id}	Storage Box Subaccounts	get_storage_box_subaccount	no	no	no	none	0d0b5fb34d8c2246094829f3fa0af0d0539d2d5d2bdec319d89cd3e81bfd8fa0
hetzner	PUT	/storage_boxes/{id}/subaccounts/{subaccount_id}	Storage Box Subaccounts	update_storage_box_subaccount	no	no	no	none	173f981bf56438496d326a68c09c8f7b777feb3991d505482e9bbd88fe906d16
hetzner	POST	/storage_boxes/{id}/subaccounts/{subaccount_id}/actions/change_home_directory	Storage Box Subaccount Actions	change_storage_box_subaccount_home_directory	no	no	no	starts-action	0b7e7b679f965f625b04bb8f5e12cc5f3e5fc60f4243115772f3d882dfcb6058
hetzner	POST	/storage_boxes/{id}/subaccounts/{subaccount_id}/actions/reset_subaccount_password	Storage Box Subaccount Actions	reset_storage_box_subaccount_password	no	no	no	starts-action	4d5cf5039f9dd199c14487cb87c3b75652132d05eee8a01fd333605890a7b166
hetzner	POST	/storage_boxes/{id}/subaccounts/{subaccount_id}/actions/update_access_settings	Storage Box Subaccount Actions	update_storage_box_subaccount_access_settings	no	no	no	starts-action	d9e9fb53b93d6c1cff5f5021f0b112da597dcaa5b0aafd265acbe474e7f90346
